{
  "training_time": 26.249941110610962,
  "data_rows": 1000,
  "features_count": 46,
  "wf_folds": 3,
  "avg_buy_threshold": 0.4611111111111111,
  "avg_sell_threshold": 0.49444444444444446,
  "wf_results": [
    {
      "net_pnl": 0.13169318828187543,
      "gross_pnl": 0.3116931882818754,
      "sharpe": 315199.6295423544,
      "sortino": 315199.6295423544,
      "max_dd": 0.004806600777943482,
      "profit_factor": 0,
      "win_rate": 0,
      "trades": 9,
      "turnover": 0.036,
      "mar_ratio": 27.398403646541404,
      "avg_hold": 0,
      "fold": 1,
      "buy_threshold": 0.45,
      "sell_threshold": 0.48333333333333334
    },
    {
      "net_pnl": 0.11691783641953052,
      "gross_pnl": 0.2969178364195305,
      "sharpe": 286871.3338260942,
      "sortino": 286871.3338260942,
      "max_dd": 0.00407677181771926,
      "profit_factor": 0,
      "win_rate": 0,
      "trades": 9,
      "turnover": 0.036,
      "mar_ratio": 28.679023905963888,
      "avg_hold": 0,
      "fold": 2,
      "buy_threshold": 0.45,
      "sell_threshold": 0.48333333333333334
    },
    {
      "net_pnl": 0.1071178682973174,
      "gross_pnl": 0.2871178682973174,
      "sharpe": 299409.4800312071,
      "sortino": 299409.4800312071,
      "max_dd": 0.002984663151787803,
      "profit_factor": 0,
      "win_rate": 0,
      "trades": 9,
      "turnover": 0.036,
      "mar_ratio": 35.889433028030034,
      "avg_hold": 0,
      "fold": 3,
      "buy_threshold": 0.48333333333333334,
      "sell_threshold": 0.5166666666666667
    }
  ],
  "feature_names": [
    "returns",
    "log_returns",
    "high_low_ratio",
    "volume_ma",
    "rsi",
    "macd",
    "macd_signal",
    "bb_upper",
    "bb_lower",
    "bb_position",
    "stoch_k",
    "stoch_d",
    "ema_5",
    "ema_5_ratio",
    "ema_10",
    "ema_10_ratio",
    "ema_20",
    "ema_20_ratio",
    "ema_50",
    "ema_50_ratio",
    "tr",
    "atr",
    "returns_lag_1",
    "volume_lag_1",
    "rsi_lag_1",
    "returns_lag_2",
    "volume_lag_2",
    "rsi_lag_2",
    "returns_lag_3",
    "volume_lag_3",
    "rsi_lag_3",
    "returns_lag_5",
    "volume_lag_5",
    "rsi_lag_5",
    "momentum_5",
    "momentum_10",
    "momentum_20",
    "volatility_5",
    "volatility_10",
    "volatility_20",
    "hour",
    "day_of_week",
    "hour_sin",
    "hour_cos",
    "dow_sin",
    "dow_cos"
  ],
  "sklearn_version": "1.4.2",
  "numpy_version": "2.2.3",
  "pandas_version": "2.2.3",
  "random_seed": 42,
  "thread_env": {
    "OPENBLAS_NUM_THREADS": "1",
    "MKL_NUM_THREADS": "1",
    "NUMEXPR_NUM_THREADS": "1",
    "OMP_NUM_THREADS": "1",
    "PYTHONHASHSEED": "0"
  },
  "training_timestamp": "2025-09-03T11:49:47.840361"
}